Month,Revenue(万元),Visits(人次),Conversion_Rate(%)
2023-01,120,30000,0.4
2023-02,130,32000,0.40625
2023-03,150,35000,0.42857
2023-04,160,38000,0.42105
2023-05,170,40000,0.425
2023-06,180,42000,0.42857
2023-07,200,45000,0.44444
2023-08,220,48000,0.45833
2023-09,240,50000,0.48
2023-10,260,52000,0.5
2023-11,280,55000,0.50909
2023-12,300,60000,0.5